2024-3-21

sended list:

izalazar@ingenieria.uner.edu.ar
galzamendi@ingenieria.uner.edu.ar
gschlotthauer@ingenieria.uner.edu.ar

jinhong.l@ed.ac.uk
h.quene@uu.nl
cpan@nwpu.edu.cn
francesco.sigona@unisalento.it
farhad.javanmardi@aalto.fi

qlindazm@bjfu.edu.cn
xuyanyan@bjfu.edu.cn
dengfeng.ke@blcu.edu.cn
k.su@grifth.edu.au
zfwang@ccnu.edu.cn


samantha.williams@york.ac.uk  ==== ame

baochch@bjut.edu.cn
202212801002@stu.hebut.edu.cn
yzhangz@163.com
hbgyzxl@163.com
hanzy9952@gmail.com
lxx68@163.com
longbiao_wang@tju.edu.cn

sbanno@fbk.eu
clara.zhang@auckland.ac.nz
yusuke.hioka@ieee.org
justine.hui@auckland.ac.nz
c.watson@auckland.ac.nz

m202110584@xs.ustb.edu.cn
D202210370@xs.ustb.edu.cn
xielun@ustb.edu.cn
service@poteit.com
12023855@czc.edu.cn

wei-cheng.lin@utdallas.edu === 
busso@utdallas.edu === 

ingy.farouk@miuegypt.edu.eg
manila.kodali@aalto.fi
peter.birkholz@tu-dresden.de
madhu.yagnavajjula@aalto.fi
madhu.keerthu@iitkgp.ac.in

detai_xin@ipc.i.u-tokyo.ac.jp
Hasan1479@xju.edu.cn
eduardo_sandoval@id.uff.br
ecataldo@id.uff.br

b.schuppler@tugraz.at
madda@limsi.fr
catia.cucchiarini@ru.nl
rudolf.muhr@oedeutsch.at

//// for multi casting...
21myliu@stu.edu.cn
jalexnoel@gmail.com
viraj2k@gmail.com
21kwma@stu.edu.cn
zmzhuang@stu.edu.cn
zhuangshx3@mail2.sysu.edu.cn
yezf@ustc.edu.cn
zzl1124@mail.ustc.edu.cn
lzyang@ustc.edu.cn
neurodoc@163.com
wanghz@hfcas.ac.cn
stwong@houstonmethodist.org
hli@cmpt.ac.cn
mafei@cqu.edu.cn
wangcl@cqu.edu.cn
lixusheng@cqu.edu.cn
ZengZ@cqu.edu.cn
clferma1@i3b.upv.es
sven.kachel@rptu.de

ds20ec005@eced.svnit.ac.in
d20ec007@eced.svnit.ac.in
sumandeb@eced.svnit.ac.in
myname35875235@126.com
lind-combs.1@buckeyemail.osu.edu    ====
1021010606@njupt.edu.cn
yangz@njupt.edu.cn
kiran.r.mittapalle@aalto.fi
cunhang.fan@ahu.edu.cn
kjlz@ahu.edu.cn
clarkdg@iu.edu    David Glenn Clark   === U
gengpy@ssfjd.cn
yanhua@shnu.edu.cn
linyuqin@tju.edu.cn
jdang@jaist.ac.jp
longbiao_wang@tju.edu.cn
sheng.li@nict.go.jp >>>>  Sheng Li
chenchen.ding@nict.go.jp >>>> Chenchen Ding
baochch@bjut.edu.cn
gbarlas@aus.edu  === Gerassimos Barlas
wwickram@purdue.edu  ====== Buddhi Wickramasinghe
yejeejung@purdue.edu  ===== Ye-Jee Jung
maalghamdi@uqu.edu.sa
mahamid@uqu.edu.sa
A7lam7x@hotmail.com
ederpereira@uems.br
marco@uems.br
jozue.vieira@unesp.br
caioenside@unemat.br
bruno@editorapantanal.com.br
jeremy.genette@uantwerpen.be
Yfliao@nycu.edu.tw

xzhlf@163.com
julia@cs.columbia.edu ==== Julia Hirschberg
rlevitan@brooklyn.cuny.edu
jhasanov@ada.edu.az
nigar.alishzada@ufaz.az
anazimzade2020@gwu.edu   =========  Aykhan Nazimzade
sdadashzade2020@gwu.edu   ====== Samir Dadashzade
ttahirov2022@gwu.edu ===== Toghrul Tahirov
axv170003@utdallas.edu  ==== Andrea Vidal
busso@utdallas.edu   ==== Carlos Busso
chl@ece.gatech.edu   ==== Chin-Hui Lee
a.cutler@westernsydney.edu.au   ==== Anne Cutler
seongjinpark@arizona.edu   === Seongjin Park
nwarner@arizona.edu   ==== Natasha Warner
a.alex@qmul.ac.uk === Ashish Alex
lin.wang@qmul.ac.uk  ==== Lin Wang
paolo.gastaldo@unige.it === Paolo Gastaldo
a.cavallaro@qmul.ac.uk ==== Andrea Cavallaro
guido@ieee.org      ====  Rodrigo Capobianco Guido
chinhui.lee@ece.gatech.edu  === Chin-Hui Lee
alecristia@gmail.com  === Alejandrina Cristia
souhir.bousselmi@laposte.net == Souhir Bousselmi
kais.ouni@enicarthage.rnu.tn   === Kaïs Ouni


gzellou@ucdavis.edu   == Georgia Zellou
howson@leibniz-zas.de  ===  Phil J. Howson
a.e.jaramillo@sheffield.ac.uk ===  Alfredo Esquivel Jaramillo
jesperkn.research@gmail.com ===   Jesper Kjær Nielsen
mgc@es.aau.dk  ===    Mads Græsbøll Christensen
benjamin.elie@ed.ac.uk  ===   Benjamin Elie
ldd@ecust.edu.cn  ===    Dongdong Li
yi.zhou@u.nus.edu  ===  Yi Zhou
dougo@emt.inrs.ca ===   Douglas O'Shaughnessy
midia.yousefi@utdallas.edu ===   Midia Yousefi
john.hansen@utdallas.edu  ===   John H.L. Hansen


=================== for WSS =================
sovereignty333@wssnow.org  ==== Jones, CEO
imagine444@wssnow.org    ==== Cheryl Koenigbauer
Intentions@wssnow.org    ===== Amie
===================================

e.sergidou@nfi.nl     ====== Eleni-Konstantina Sergidou
ivl@es.aau.dk       =====   Iván López-Espejo
georgiou.georg@unic.ac.cy      Georgios P. Georgiou
manon.lelandais@u-paris.fr       Manon Lelandais
jayanthinykangatharan@gmail.com      Jayanthiny Kangatharan
tilsen@cornell.edu   ========  Sam Tilsen
tiede@haskins.yale.edu    ======= Mark Tiede
sethw1@cmu.edu  ======= Seth Wiener
nigelward@acm.org   ====== Nigel G. Ward
pguiraud@imperial.ac.uk   ===== Pierre Guiraud
b.halpern@nki.nl   Bence Mark Halpern
s.feng@tudelft.nl    Siyuan Feng
r.v.son@nki.nl     Rob van Son
m.vd.brekel@nki.nl    Michiel van den Brekel
o.e.scharenborg@tudelft.nl     Odette Scharenborg
galitz@campus.technion.ac.il   Gal Itzhak
icohen@ee.technion.ac.il       Israel Cohen
einari.vaaras@tuni.fi    Einari Vaaras
wei.xue@ru.nl      Wei Xue
samir.sadok@centralesupelec.fr    Samir Sadok
simon.leglaive@centralesupelec.fr     Simon Leglaive
heini.h.kallio@jyu.fi     Heini Kallio
ql264@cam.ac.uk     Qiujia Li
pcw@eng.cam.ac.uk     Philip C. Woodland
fuling.chen@uwa.edu.au     Fuling Chen
roberto.togneri@uwa.edu.au      Roberto Togneri
murray.maybery@uwa.edu.au    Murray Maybery


diana.tan@uwa.edu.au     Diana Weiting Tan    === (answer: diana.tan@mq.edu.au)


d.vniekerk@ucl.ac.uk    Daniel R. van Niekerk
jae.moon@mail.utoronto.ca    Jae Moon
tom.chau@utoronto.ca    Tom Chau
julian@u-aizu.ac.jp    Julián Villegas
seunghun@icu.ac.jp    Seunghun J. Lee
jperkins@u-aizu.ac.jp    Jeremy Perkins
markov@u-aizu.ac.jp    Konstantin Markov
m.gubian@phonetik.uni-muenchen.de    Michele Gubian
tmatsui@cs.tut.ac.jp     Toshie Matsui
georgiou.georgos@hotmail.com    Georgios P. Georgiou
m.yenkimaleki@basu.ac.ir    Mahmood Yenkimaleki
rebecca.holt@mq.edu.au    Rebecca Holt
n.ellinas@samsung.com    Nikolaos Ellinas
yaru.wu@unicaen.fr    Yaru Wu
martine.adda-decker@sorbonne-nouvelle.fr     Martine Adda-Decker
lori.lamel@lisn.fr    Lori Lamel
md.sahidullah@inria.fr    Md Sahidullah
gsaha@ece.iitkgp.ernet.in    Goutam Saha
culbrich@uni-koeln.de   Christiane Ulbrich
philipgustafssonresearch@gmail.com    Philip U. Gustafsson
celia.gorba@uab.cat     Celia Gorba
paula.andrea.perez@fau.de      Paula Andrea Pérez-Toro
vsadeghi@hum.ikiu.ac.ir    Vahid Sadeghi

xing.wei@ru.nl     X. Wei
catia.cucchiarini@ru.nl    C. Cucchiarini
roeland.vanhout@ru.nl    R. van Hout
helmer.strik@ru.nl     H. Strik
paola.zanchi@unimib.it   Paola Zanchi
benjamin.lentz@rub.de    Benjamin Lentz
j.windle@uea.ac.uk     Jonathan Windle
hongning_zhu@u.nus.edu    Hongning Zhu
walterheymans07@gmail.com   Walter Heymans
marelie.davel@nwu.ac.za   Marelie H. Davel
charl@saigen.com      Charl van Heerden
m.plaza@tu.kielce.pl   Mirosław Płaza
p.g.krasnowski@gmail.com    Piotr Krasnowski
jerome.lebrun@cnrs.fr    Jerome Lebrun
bruno.martin@i3s.unice.fr    Bruno Martin
cthemis1@jhu.edu  ==== Charalambos Themistocleous
a.m.rostami@aut.ac.ir    Amir Mohammad Rostami
aliiikarimi@ut.ac.ir     Ali Karimi
akhaee@ut.ac.ir    Mohammad Ali Akhaee
daniel.korzekwa@gmail.com    Daniel Korzekwa
sujankumar.roy@griffithuni.edu.au   Sujan Kumar Roy
aaron.nicolson@csiro.au   Aaron Nicolson
k.paliwal@griffith.edu.au    Kuldip K. Paliwal
galitz@campus.technion.ac.il    Gal Itzhak
vinicius.souza-ribeiro@loria.fr  Vinicius Ribeiro
b.halpern@nki.nl      Bence Mark Halpern
s.feng@tudelft.nl    Siyuan Feng
r.v.son@nki.nl    Rob van Son
M.W.M.vandenBrekel@uva.nl   Michiel van den Brekel
o.e.scharenborg@tudelft.nl    Odette Scharenborg
denis.burnham@westernsydney.edu.au    Denis Burnham
ariel5@post.bgu.ac.il    Ariel Cohen
inbalri@post.bgu.ac.il    Inbal Rimon  
eranaf@post.bgu.ac.il    Eran Aflalo
haimp@bgu.ac.il    Haim H. Permuter
g.brown5@lancaster.ac.uk    Georgina Brown
sam.hellmuth@york.ac.uk     Sam Hellmuth
bogdan.ludusan@uni-bielefeld.de    Bogdan Ludusan
b.schuppler@tugraz.at     Barbara Schuppler

michael.pucher@oeaw.ac.at    Michael Pucher    ================= (answer: I no longer work at ÖAW, please write to michael.pucher@tugraz.at,)
michael.pucher@tugraz.at


lauri.tavi@uef.fi     Lauri Tavi
b-atmaja@aist.go.jp      Bagus Tris Atmaja
lukas.pfeifenberger@alumni.tugraz.at    Lukas Pfeifenberger
pernkopf@tugraz.at       Franz Pernkopf
joao.monteiro@inrs.ca    João Monteiro
wassink@uw.edu   ====   Alicia Beckford Wassink
martha.yifiru@aau.edu.et    Martha Yifiru Tachbelie
solomon.teferra@aau.edu.et    Solomon Teferra Abate
tanja.schultz@uni-bremen.de     Tanja Schultz
rasa.lileikyte@utdallas.edu  ==== Rasa Lileikyte
john.hansen@utdallas.edu   ===== John H.L. Hansen
hjeon1@uclan.ac.uk  Hae-Sung Jeon
awaku@amu.edu.pl    Andrzej Wicher
bradford-lee@fukui-ut.ac.jp     Bradford J. Lee
justine.hui@auckland.ac.nz    C.T. Justine Hui
yusuke.hioka@ieee.org     Yusuke Hioka
ali.bakhshi@uon.edu.au     Ali Bakhshi
h-aldarmaki@uaeu.ac.ae    Hanan Aldarmaki
mohammadalihumayun@gmail.com    Mohammad Ali Humayun
okamoto@nict.go.jp       Takuma Okamoto
tifani.biro@pennmedicine.upenn.edu  Tifani Biro
bastian.schnell@idiap.ch       Bastian Schnell
phil.garner@idiap.ch     Philip N. Garner
xw961@york.ac.uk     Bruce Xiao Wang
tifani.biro@pennmedicine.upenn.edu   ==== Tifani Biro
gerard.bailly@gipsa-lab.fr  Gérard Bailly
zhoukun@u.nus.edu    Kun Zhou
berraksisman@u.nus.edu    Berrak Sisman
liu_rui@sutd.edu.sg     Rui Liu
haizhou.li@nus.edu.sg    Haizhou Li
cso2@cin.ufpe.br     Chaina S. Oliveira
jvcm@cin.ufpe.br     João V.C. Moraes
telmo@de.ufpb.br     Telmo Silva Filho
rbcp@cin.ufpe.br     Ricardo B.C. Prudêncio
kiran.r.mittapalle@aalto.fi   Kiran Reddy Mittapalle
cagil.suslu@ozu.edu.tr      Çağıl Süslü
eray.eren@ozu.edu.tr    Eray Eren
cenk.demiroglu@ozyegin.edu.tr    Cenk Demiroğlu
yz510@cam.ac.uk      Yixin Zhang
rperez.ram@gmail.com    Rubén Pérez-Ramón
garcia.lecumberri@ehu.es    María Luisa García Lecumberri
M.Yenkimaleki@nahgu.ac.ir    Mahmood Yenkimaleki
maud.pelissier@u-paris.fr   Maud Pélissier
m_hasann@encs.concordia.ca   Mojtaba Hasannezhad
ho_yu@encs.concordia.ca    Hongjiang Yu
weiping@ece.concordia.ca    Wei-Ping Zhu
benoit.champagne@mcgill.ca      Benoit Champagne
tmatsui@cs.tut.ac.jp     Toshie Matsui
irino@wakayama-u.ac.jp   Toshio Irino
uemura.ryo@g.wakayama-u.jp     Ryo Uemura
yamamoto.koudai@g.wakayama-u.jp     Kodai Yamamoto
kawahara@wakayama-u.ac.jp     Hideki Kawahara
rdp1@cam.ac.uk     Roy D. Patterson
bogdan.ludusan@uni-bielefeld.de    Bogdan Ludusan
k.marcoux@let.ru.nl    Katherine Marcoux
m.cooke@ikerbasque.org    Martin Cooke
benjamin.tucker@ualberta.ca   Benjamin V. Tucker
m.ernestus@let.ru.nl     Mirjam Ernestus
jyang888@uwm.edu  ==== Jing Yang
jhasegaw@illinois.edu   === Mark Hasegawa-Johnson
lsari2@illinois.edu    === Leda Sari
harvill2@illinois.edu  === John Harvill
xw27@illinois.edu  === Xiaoxuan Wang
hgao17@illinois.edu === Heting Gao
hemant.kathania@aalto.fi   Hemant Kumar Kathania
sudarsana.kadiri@aalto.fi    Sudarsana Reddy Kadiri
paavo.alku@aalto.fi    Paavo Alku
mikko.kurimo@aalto.fi   Mikko Kurimo
p.pastoriza.dominguez@gmail.com     Patricia Pastoriza-Domínguez
say1nakagawa@gmail.com     Seiichi Nakagawa  
aseschng@ntu.edu.sg   Eng Siong Chng

=== till volume 136


























































